X,Y,ID,
-2.50996527500003,54.20733521,,
-2.50996527500003,54.20733521,,
